Country Name,Score 1st Year,Score 2nd Year,Score 3rd Year,Score 4th Year,Score 5th Year,Score 6th Year,Score 7th Year,Score 8th Year,Score 9th Year,Score 10th Year
Australia,228.164,228.75848,232.08528,235.32712,236.9192,239.04264,241.87136,244.2344,247.28304,247.98
Canada,295.419,299.63872,309.73358,319.78544,323.6167,327.4398,331.9646,336.33064,341.3931,344.286
Germany,313.877,314.61426,320.84363,326.79116,327.0619,327.45898,328.58051,329.01856,330.14674,328.622
Singapore,320.461,321.04444,328.09052,334.79584,334.3621,333.64572,333.42914,333.20344,333.43386,331.683
France,336.335,341.50656,352.23102,362.9096,367.2063,371.82852,377.38548,382.36584,388.27542,391.306
China,377.114,381.4848,393.3966,405.168,407.946,410.2573,413.0251,416.904,421.2169,423.98
USA,384,390.03,402.97,415.91,421.08,426.18,432.01,438.45,445.62,450.6
UK,402.372,405.4216,416.3274,426.9632,429.307,431.7212,435.1374,437.5744,440.9864,440.973
